day_of_week,hour_of_day,is_weekend,temperature,is_holiday,solar_generation,Previous_1_hour_demand,Previous_3_hour_demand,rolling_mean_3,rolling_std_3,electricity_demand,label
6,2,true,14.13,0,7.321131802411008,525,616,546,50.80026246651356,552.3168761986169,Normal Operation
6,2,true,14.13,0,7.321131802411008,525,616,546,50.80026246651356,552.3168761986169,Normal Operation
6,2,true,14.13,0,7.321131802411008,525,616,546,50.80026246651356,552.3168761986169,Normal Operation
6,6,true,10.43,0,7.321131802411008,537.7886,600.85,504,65.80026246651356,429.3168761986169,Normal Operation
6,7,true,10.63,0,196.86692877926768,505,616,546,50.80026246651356,443.3080224430593,Normal Operation
6,8,true,11.63,0,196.86692877926768,510,505,546,50.80026246651356,465.5002024430593,Normal Operation
6,10,true,17.38,0,192.7043133464083,525,616,546,50.80026246651356,525.8231354711111,Normal Operation
