day_of_week,hour_of_day,is_weekend,temperature,is_holiday,solar_generation,Previous_1_hour_demand,Previous_3_hour_demand,rolling_mean_3,rolling_std_3,electricity_demand,label
4,22,false,14.82,0,6.310889805078118,520,525,545.6666666666666,32.826141344293816,558.1709418654534,Peak Load Shifting
5,23,false,13.96,0,1.8913412397038576,558,592,556.6666666666666,29.4089933334837,540.579045895875,Normal Operation
6,0,true,14.13,0,1.5152476821641814,525,616,546,50.80026246651356,519.2887752514305,Normal Operation
6,0,true,14.13,0,1.5152476821641814,525,616,546,50.80026246651356,519.2887752514305,Normal Operation
6,0,true,14.13,0,1.5152476821641814,519,558,539,15.937377450509228,542.5008041372986,Normal Operation
6,0,true,14.13,0,1.5152476821641814,519,558,539,15.937377450509228,542.5008041372986,Normal Operation
6,0,true,14.13,0,1.5152476821641814,519,540,526,9.899494936611665,517.363813925522,Normal Operation
6,0,true,14.13,0,1.5152476821641814,525,616,546,50.80026246651356,519.2887752514305,Normal Operation
6,0,true,14.13,0,1.5152476821641814,525,616,546,50.80026246651356,519.2887752514305,Normal Operation
